Player,Conference,Division,Team,Games Played,Minutes/Game,Points,Points/Game,Free Throw Percentage,Turnovers/Game,Personal Fouls/Game,Assists/Turnovers Ratio,2 Point Percentage,Adjusted Field Goal Percentage,Points/Shot,Defensive Rebounds/Game,Total Rebounds/Game,Offensive Rebounds/Game,Field Goal Percentage,Steals/Game,Assists/Game,Blocks/Game,3 Point Percentage,Technical Fouls/Game
Terry,Eastern Conference,Central Division,Atlanta Hawks,82,37.7,1617,19.7,846,2.9,2.5,1.7,448,481,1.18,2.8,3.3,0.5,436,1.27,4.9,0.15,395,0
Johnson,Eastern Conference,Central Division,Atlanta Hawks,78,16.8,397,5.1,736,1.2,1.7,0.69,399,427,1.02,1.6,2.3,0.7,374,0.55,0.8,0.38,323,0
Henderson,Eastern Conference,Central Division,Atlanta Hawks,73,24.8,769,10.5,638,1.7,2.2,0.4,445,444,1.15,3.1,5.6,2.5,444,0.7,0.7,0.4,0,0
Mottola,Eastern Conference,Central Division,Atlanta Hawks,73,13.5,319,4.4,811,0.9,2.2,0.37,449,444,1.15,1.7,2.4,0.7,444,0.15,0.3,0.12,0,0
Wright,Eastern Conference,Central Division,Atlanta Hawks,71,28,881,12.4,718,1.8,3.3,0.7,449,448,1.09,5,7.5,2.5,448,0.59,1.2,0.89,0,0.1
Glover,Eastern Conference,Central Division,Atlanta Hawks,57,16.3,340,6,681,0.9,1.6,1.28,457,435,1.01,1.6,2.3,0.7,421,0.86,1.2,0.18,196,0
Maloney,Eastern Conference,Central Division,Atlanta Hawks,55,25.5,369,6.7,765,1.3,1.7,2.2,461,493,1.06,1.9,2.1,0.3,0.42,1.02,2.8,0.09,359,0
Crawford,Eastern Conference,Central Division,Atlanta Hawks,47,19.2,318,6.8,819,1.3,2.5,0.6,468,463,1.18,1.7,2.3,0.6,452,0.45,0.8,0.34,273,0
Bowdler,Eastern Conference,Central Division,Atlanta Hawks,44,8.5,140,3.2,825,0.2,1,0.36,477,469,1.23,1.1,1.8,0.7,465,0.23,0.1,0.48,0.2,0
Robinson,Eastern Conference,Central Division,Atlanta Hawks,33,19.1,199,6,875,0.7,1.4,1.5,338,484,1.08,1.9,2.6,0.7,364,0.85,1.1,0.06,379,0
Mohammed,Eastern Conference,Central Division,Atlanta Hawks,28,25.6,345,12.3,765,2,2.6,0.31,482,0.48,1.23,5.5,9,3.5,0.48,0.82,0.6,1,0,0
Kukoc,Eastern Conference,Central Division,Atlanta Hawks,17,36.4,335,19.7,681,3,2.1,2.08,497,567,1.33,4.6,5.7,1.1,492,0.76,6.2,0.29,481,0
Smith,Eastern Conference,Central Division,Atlanta Hawks,6,13,17,2.8,0.5,1.5,2,1.11,381,348,0.74,0.2,0.5,0.3,348,1.17,1.7,0,0,0
Bowman,Eastern Conference,Central Division,Atlanta Hawks,3,6.3,0,0,0,0.3,0,7,0,0,0,0.3,0.7,0.3,0,0,2.3,0,0,0
Panko,Eastern Conference,Central Division,Atlanta Hawks,1,1,0,0,0,0,0,0,0,0,0,0,0,0,0,0,0,0,0,0
Allen,Eastern Conference,Central Division,Milwaukee Bucks,82,38.2,1806,22,888,2.5,2.3,1.83,506,557,1.38,4,5.2,1.2,0.48,1.51,4.6,0.24,433,0
Johnson,Eastern Conference,Central Division,Milwaukee Bucks,82,24.2,266,3.2,538,0.6,3.1,0.85,545,545,1.34,5,7.5,2.5,545,0.54,0.5,1.18,0,0.1
Hunter,Eastern Conference,Central Division,Milwaukee Bucks,82,24.4,825,10.1,802,0.8,2.1,3.26,388,478,1.05,1.7,2.1,0.4,381,1.24,2.7,0.15,373,0
Cassell,Eastern Conference,Central Division,Milwaukee Bucks,76,35.6,1381,18.2,858,2.9,2.8,2.64,0.49,488,1.22,3.2,3.8,0.6,474,1.16,7.6,0.11,306,0.1
Robinson,Eastern Conference,Central Division,Milwaukee Bucks,76,37,1674,22,0.82,2.9,2.5,1.15,493,487,1.15,5.3,6.9,1.6,468,1.13,3.3,0.82,299,0.1
Thomas,Eastern Conference,Central Division,Milwaukee Bucks,76,27.4,954,12.6,771,1.5,2.6,1.21,0.44,501,1.26,3.1,4.1,1,0.43,1.03,1.8,0.59,412,0.1
Caffey,Eastern Conference,Central Division,Milwaukee Bucks,70,20.9,500,7.1,673,1.1,2.6,0.69,488,488,1.36,3.1,5,1.9,488,0.54,0.8,0.36,0,0
Williams,Eastern Conference,Central Division,Milwaukee Bucks,66,19.3,403,6.1,857,0.6,2.7,0.85,476,475,1.12,4,5.5,1.5,474,0.73,0.5,0.48,0.25,0.1
Pope,Eastern Conference,Central Division,Milwaukee Bucks,63,15,151,2.4,629,0.3,2.2,2.24,483,454,1.06,1.4,2.3,0.9,437,0.25,0.6,0.41,208,0
Alston,Eastern Conference,Central Division,Milwaukee Bucks,37,7.8,77,2.1,692,0.5,0.7,3.4,407,405,0.92,0.7,0.8,0.1,357,0.35,1.8,0,267,0
Przybilla,Eastern Conference,Central Division,Milwaukee Bucks,33,8.2,27,0.8,273,0.4,1.7,0.15,343,343,0.77,1.3,2.2,0.9,343,0.09,0.1,0.91,0,0
Ham,Eastern Conference,Central Division,Milwaukee Bucks,29,18.6,109,3.8,592,1.1,2.9,0.76,481,0.5,1.36,2.2,4.2,1.9,488,0.59,0.9,0.72,667,0.1
Kersey,Eastern Conference,Central Division,Milwaukee Bucks,22,11,72,3.3,0.5,0.3,1.6,2.5,471,464,1.04,1.7,2,0.4,464,0.64,0.7,0.36,0,0.1
Redd,Eastern Conference,Central Division,Milwaukee Bucks,6,5.8,13,2.2,0.5,0.2,0.3,1,312,263,0.68,0.2,0.7,0.5,263,0.17,0.2,0,0,0
Hart,Eastern Conference,Central Division,Milwaukee Bucks,1,10,2,2,0,2,0,0.5,1,1,2,0,0,0,1,0,1,0,0,0
Williams,Eastern Conference,Central Division,Toronto Raptors,82,29.2,802,9.8,752,1.3,2.1,3.95,451,452,1.05,2,2.6,0.6,0.43,1.5,5,0.32,306,0
Clark,Eastern Conference,Central Division,Toronto Raptors,81,21.2,640,7.9,592,1.1,3,0.8,481,0.48,1.23,3.7,5.4,1.7,0.48,0.4,0.9,1.9,0,0.1
Peterson,Eastern Conference,Central Division,Toronto Raptors,80,22.6,747,9.3,717,1,2,1.35,447,478,1.11,1.8,3.2,1.4,431,0.79,1.3,0.25,382,0
Davis,Eastern Conference,Central Division,Toronto Raptors,78,35,1069,13.7,754,1.7,2.9,0.79,434,433,1.23,6.6,10.1,3.5,433,0.28,1.4,1.94,0,0.1
Oakley,Eastern Conference,Central Division,Toronto Raptors,78,35.5,748,9.6,836,1.8,3.3,1.9,399,395,0.95,7.7,9.5,1.8,388,0.97,3.4,0.62,224,0.2
Childs,Eastern Conference,Central Division,Toronto Raptors,77,24.1,362,4.7,845,2,3.1,2.28,0.45,451,1.08,2.3,2.6,0.3,403,0.77,4.6,0.19,302,0.1
Carter,Eastern Conference,Central Division,Toronto Raptors,75,39.7,2070,27.6,765,2.2,2.7,1.74,477,509,1.25,3.2,5.5,2.3,0.46,1.52,3.9,1.09,408,0.1
Curry,Eastern Conference,Central Division,Toronto Raptors,71,13.5,429,6,843,0.5,0.9,1.92,422,505,1.12,1,1.2,0.2,424,0.38,1.1,0.11,428,0
Montross,Eastern Conference,Central Division,Toronto Raptors,54,12,120,2.2,258,0.8,2.1,0.46,406,406,0.87,2.2,3.2,1,406,0.2,0.4,0.48,0,0
Murray,Eastern Conference,Central Division,Toronto Raptors,38,11.9,207,5.4,0.75,0.5,1.2,0.7,425,474,1.07,1.1,1.6,0.5,399,0.21,0.4,0.16,363,0
Stewart,Eastern Conference,Central Division,Toronto Raptors,26,4.7,33,1.3,611,0.2,0.7,0.4,324,324,0.97,0.5,1.1,0.6,324,0.15,0.1,0.12,0,0
Williams,Eastern Conference,Central Division,Toronto Raptors,26,14.5,131,5,778,0.6,1.7,0.81,522,516,1.41,2.7,4,1.3,516,0.69,0.5,0.38,0,0
Corbin,Eastern Conference,Central Division,Toronto Raptors,15,7.8,20,1.3,0.5,0.2,1.2,1.33,273,237,0.53,0.7,0.9,0.2,237,0.13,0.3,0,0,0
Bogues,Eastern Conference,Central Division,Toronto Raptors,3,11.3,0,0,0,1.3,1,1.25,0,0,0,1,1,0,0,0.67,1.7,0,0,0
N'diaye,Eastern Conference,Central Division,Toronto Raptors,3,3.3,4,1.3,1,0,1,0,0.25,0.25,1,0.3,0.7,0.3,0.25,0,0,0,0,0
Davis,Eastern Conference,Central Division,Charlotte Hornets,82,38.9,1131,13.8,677,2.8,3.3,2.65,474,472,1.18,3.4,5,1.6,427,2.07,7.3,0.44,0.31,0.1
Wesley,Eastern Conference,Central Division,Charlotte Hornets,82,37.9,1414,17.2,799,2.1,2.7,2.11,434,461,1.14,2,2.7,0.8,422,1.56,4.4,0.2,376,0
Brown,Eastern Conference,Central Division,Charlotte Hornets,80,35.1,676,8.4,852,1.4,3.2,1.18,447,444,1.2,6.1,9.3,3.2,444,0.98,1.6,1.15,0,0.1
Campbell,Eastern Conference,Central Division,Charlotte Hornets,78,30,1022,13.1,709,1.8,3.6,0.72,443,0.44,1.23,5.8,7.8,2,0.44,0.77,1.3,1.79,0,0.1
Mashburn,Eastern Conference,Central Division,Charlotte Hornets,76,39.3,1528,20.1,766,2.8,2.4,1.95,428,0.45,1.1,6.4,7.6,1.2,413,1.12,5.4,0.17,356,0.1
Magloire,Eastern Conference,Central Division,Charlotte Hornets,74,14.8,339,4.6,655,0.8,1.9,0.44,454,0.45,1.25,2.6,4,1.4,0.45,0.24,0.4,1.05,0,0
Robinson,Eastern Conference,Central Division,Charlotte Hornets,67,17.9,498,7.4,727,0.6,1,1.37,531,533,1.22,2.1,3,0.9,531,0.75,0.9,0.48,0.5,0
Hawkins,Eastern Conference,Central Division,Charlotte Hornets,59,11.5,183,3.1,857,0.3,0.8,3.79,429,471,1.34,1.1,1.4,0.3,409,0.56,1.2,0.15,0.37,0
Thorpe,Eastern Conference,Central Division,Charlotte Hornets,49,13.2,138,2.8,833,0.7,2.2,0.91,0.45,0.45,1.05,1.9,3,1,0.45,0.24,0.6,0.14,0,0
Recasner,Eastern Conference,Central Division,Charlotte Hornets,43,9.4,103,2.4,778,0.6,0.7,1.44,333,0.39,0.9,0.9,1.2,0.3,333,0.14,0.9,0.02,333,0
Nailon,Eastern Conference,Central Division,Charlotte Hornets,42,11.2,164,3.9,744,0.6,1.4,0.89,489,485,1.21,1.5,2.2,0.7,485,0.21,0.6,0.12,0,0
Coleman,Eastern Conference,Central Division,Charlotte Hornets,34,20.1,277,8.1,685,1.2,1.6,0.93,377,0.42,1.09,4.1,5.4,1.4,0.38,0.29,1.1,0.62,392,0
James,Eastern Conference,Central Division,Charlotte Hornets,30,6.6,45,1.5,857,0.3,0.9,1,306,317,0.87,0.7,1.2,0.5,308,0.07,0.3,0.17,333,0
Burrell,Eastern Conference,Central Division,Charlotte Hornets,4,22.6,17,6,0.25,1.5,1.8,0,556,533,1.13,1.7,1.9,0.2,467,0.38,3.4,0,333,0
Roberson,Eastern Conference,Central Division,Charlotte Hornets,3,10.2,0,4.2,0,0,2,0.5,0,0,0,0.5,0.8,0.2,0,0.75,0.2,0,0,0
Miller,Eastern Conference,Central Division,Indiana Pacers,81,39.3,1527,18.9,928,1.6,2,1.95,487,512,1.3,3,3.5,0.5,0.44,1,3.2,0.19,366,0.2
O'Neal,Eastern Conference,Central Division,Indiana Pacers,81,32.6,1041,12.9,601,2,3.5,0.61,468,465,1.2,6.7,9.8,3.1,465,0.6,1.2,2.81,0,0.2
Croshere,Eastern Conference,Central Division,Indiana Pacers,81,23.1,822,10.1,866,1.7,2.2,0.68,417,444,1.17,3.3,4.8,1.5,394,0.44,1.1,0.62,338,0
Harrington,Eastern Conference,Central Division,Indiana Pacers,78,24.3,586,7.5,656,1.9,2.9,0.88,448,445,1.08,3.4,4.9,1.5,444,0.81,1.7,0.23,143,0.1
Best,Eastern Conference,Central Division,Indiana Pacers,77,31.9,918,11.9,827,1.6,3.2,3.72,449,464,1.16,2.4,2.9,0.5,0.44,1.43,6.1,0.14,381,0.1
Rose,Eastern Conference,Central Division,Indiana Pacers,72,40.9,1478,20.5,828,2.9,3.2,2.06,476,0.48,1.19,4.5,5,0.5,457,0.9,6,0.6,339,0.1
Foster,Eastern Conference,Central Division,Indiana Pacers,71,16.2,249,3.5,516,0.7,2.1,0.63,476,474,1.17,3.5,5.5,2,469,0.55,0.5,0.39,286,0
McKey,Eastern Conference,Central Division,Indiana Pacers,66,15,145,2.2,778,0.7,2.1,1.57,483,456,1.07,1.9,2.7,0.7,441,0.73,1.1,0.2,0.2,0
Perkins,Eastern Conference,Central Division,Indiana Pacers,64,15.6,242,3.8,842,0.3,1,2.16,414,465,1.07,2.1,2.6,0.5,381,0.52,0.6,0.28,345,0
Bender,Eastern Conference,Central Division,Indiana Pacers,59,9.7,193,3.3,735,0.7,1.2,0.76,379,384,1.04,1,1.3,0.2,355,0.12,0.5,0.47,268,0
Tabak,Eastern Conference,Central Division,Indiana Pacers,55,14.1,216,3.9,426,1,2.3,0.58,527,527,1.16,2.7,3.9,1.2,527,0.18,0.6,0.55,0,0
Edney,Eastern Conference,Central Division,Indiana Pacers,24,11,106,4.4,897,1,0.7,2.16,0.4,0.39,1.16,0.8,1,0.2,385,0.71,2.2,0,167,0
Mills,Eastern Conference,Central Division,Indiana Pacers,14,8.1,25,1.8,0,0.7,1.4,0.5,471,368,0.74,1.2,1.5,0.3,324,0.21,0.4,0.07,176,0
Sundov,Eastern Conference,Central Division,Indiana Pacers,11,10.9,43,3.9,0.6,0.3,1.9,0.67,541,488,1.05,1.7,2.1,0.4,488,0.18,0.2,0.36,0,0
Ketner,Eastern Conference,Central Division,Indiana Pacers,3,2.3,0,0,0,0.7,0,0.5,0,0,0,0,0,0,0,0,0.3,0,0,0
Atkins,Eastern Conference,Central Division,Detroit Pistons,81,29.2,971,12,692,1.8,2.3,2.21,423,463,1.02,1.8,2.1,0.3,399,0.83,4.1,0.06,357,0
Moore,Eastern Conference,Central Division,Detroit Pistons,81,14.2,359,4.4,731,0.9,2.5,0.45,494,493,1.34,2.4,3.9,1.5,493,0.3,0.4,0.75,0,0
Stackhouse,Eastern Conference,Central Division,Detroit Pistons,80,40.2,2380,29.8,822,4.1,2,1.26,418,445,1.24,2.7,3.9,1.2,402,1.21,5.1,0.68,351,0.2
Wallace,Eastern Conference,Central Division,Detroit Pistons,80,34.5,511,6.4,336,1.5,2.4,1.05,492,491,1.16,9.4,13.1,3.8,0.49,1.34,1.5,2.33,0.25,0.1
Cleaves,Eastern Conference,Central Division,Detroit Pistons,78,16.3,422,5.4,708,1.8,2,1.49,405,406,1.05,1.4,1.7,0.3,0.4,0.63,2.7,0.01,294,0
Smith,Eastern Conference,Central Division,Detroit Pistons,69,28.1,847,12.3,805,1.3,3.7,0.9,405,403,1.11,4.8,7.1,2.3,403,0.68,1.1,0.72,0,0
Curry,Eastern Conference,Central Division,Detroit Pistons,68,21.8,356,5.2,849,0.9,2.5,2.16,455,461,1.12,1.5,1.8,0.3,455,0.4,1.9,0.04,444,0
Barros,Eastern Conference,Central Division,Detroit Pistons,60,18,478,8,0.85,1,1,1.83,453,498,1.16,1.5,1.6,0.1,444,0.5,1.8,0.03,419,0
Buechler,Eastern Conference,Central Division,Detroit Pistons,57,12.9,193,3.4,0.75,0.4,1.5,1.56,506,561,1.18,1.3,1.6,0.4,463,0.37,0.7,0.18,416,0
Owens,Eastern Conference,Central Division,Detroit Pistons,45,17.6,198,4.4,475,0.9,2.1,1.41,405,389,0.86,2.7,4.6,1.9,383,0.71,1.2,0.27,0.15,0
Wallace,Eastern Conference,Central Division,Detroit Pistons,40,13.2,237,5.9,778,0.9,1.8,0.64,443,428,1,1.5,2.1,0.6,424,0.32,0.6,0.4,133,0.1
Williamson,Eastern Conference,Central Division,Detroit Pistons,27,29.6,411,15.2,626,1.7,3.2,0.62,534,534,1.28,4.3,6.2,2,534,1.3,1,0.3,0,0
Cardinal,Eastern Conference,Central Division,Detroit Pistons,15,8.4,31,2.1,611,0.6,1.8,0.33,385,323,1,1,1.5,0.5,323,0.47,0.2,0.13,0,0
David,Eastern Conference,Central Division,Detroit Pistons,10,6.9,20,2,0,0.4,0.8,0.75,455,455,0.91,1.3,1.9,0.6,455,0.4,0.3,0.1,0,0
Miller,Eastern Conference,Central Division,Cleveland Cavaliers,82,34.7,1296,15.8,833,3.2,2.8,2.48,465,461,1.3,3.2,4.4,1.1,452,1.45,8,0.34,266,0
Weatherspoon,Eastern Conference,Central Division,Cleveland Cavaliers,82,33.8,924,11.3,0.79,1.4,2.1,0.92,501,501,1.34,7,9.7,2.7,501,1.04,1.3,1.28,0,0
Murray,Eastern Conference,Central Division,Cleveland Cavaliers,78,28.5,998,12.8,735,1.8,2.2,0.88,434,456,1.08,3,4.4,1.3,423,1.06,1.6,0.35,0.37,0.1
Gatling,Eastern Conference,Central Division,Cleveland Cavaliers,74,22.6,842,11.4,684,1.6,2.5,0.51,0.47,468,1.15,3.9,5.3,1.3,449,0.7,0.8,0.36,304,0.3
Traylor,Eastern Conference,Central Division,Cleveland Cavaliers,70,17.3,402,5.7,567,1.4,2.9,0.64,0.5,497,1.24,2.5,4.3,1.8,497,0.7,0.9,1.09,0,0.1
Langdon,Eastern Conference,Central Division,Cleveland Cavaliers,65,17.2,389,6,895,0.8,1.8,1.56,444,513,1.24,1.2,1.4,0.2,431,0.58,1.2,0.14,411,0
Mihm,Eastern Conference,Central Division,Cleveland Cavaliers,59,19.8,446,7.6,794,1.4,2.7,0.2,444,442,1.14,2.9,4.7,1.8,442,0.34,0.3,0.9,0,0
Harpring,Eastern Conference,Central Division,Cleveland Cavaliers,56,28.8,623,11.1,812,1.6,2.9,1.13,477,467,1.19,2.7,4.3,1.6,454,0.75,1.8,0.3,0.25,0.1
Henderson,Eastern Conference,Central Division,Cleveland Cavaliers,55,17.5,235,4.3,652,1.1,1.8,1.25,398,391,0.9,1.3,1.6,0.3,389,0.53,1.4,0.42,125,0
Knight,Eastern Conference,Central Division,Cleveland Cavaliers,53,27.5,333,6.3,818,1.7,2.9,3.42,382,376,0.9,2.7,3.2,0.4,375,1.91,5.9,0.08,0.1,0.1
Johnson,Eastern Conference,Central Division,Cleveland Cavaliers,53,9.6,130,2.5,697,0.6,1.2,2.29,354,352,0.86,0.6,0.8,0.2,349,0.43,1.5,0.11,0.2,0
Coles,Eastern Conference,Central Division,Cleveland Cavaliers,47,17.1,232,4.9,857,1.3,1.9,2.34,399,385,0.97,0.8,1,0.2,381,0.57,2.9,0.13,125,0.2
Person,Eastern Conference,Central Division,Cleveland Cavaliers,44,21.8,314,7.1,0.8,0.9,1.4,1.6,452,497,1.08,2.7,3,0.2,438,0.61,1.5,0.25,405,0
Jackson,Eastern Conference,Central Division,Cleveland Cavaliers,39,29.2,400,10.3,786,2.1,2.4,1.38,408,402,0.96,2.8,3.7,0.9,0.39,0.87,2.9,0.15,238,0
Brown,Eastern Conference,Central Division,Cleveland Cavaliers,26,13,102,3.9,647,0.3,1.4,1.38,435,421,1.07,1.8,2.1,0.3,421,0.35,0.4,0.27,0,0.1
Ilgauskas,Eastern Conference,Central Division,Cleveland Cavaliers,24,25.7,281,11.7,679,2.5,3.2,0.3,491,487,1.2,4,6.7,2.7,487,0.62,0.8,1.54,0,0.1
Hawkins,Eastern Conference,Central Division,Cleveland Cavaliers,10,7.6,8,0.8,0,0.6,1.3,2.17,0.2,444,0.89,0.3,0.5,0.2,333,0.2,1.3,0,0.5,0
Bohannon,Eastern Conference,Central Division,Cleveland Cavaliers,6,3.2,8,1.3,1,0.2,0.7,0,0.5,0.5,2,0.7,1.2,0.5,0.5,0,0,0.33,0,0
Reid,Eastern Conference,Central Division,Cleveland Cavaliers,6,6.5,10,1.7,0.75,0.2,0.7,1,0.4,0.4,2,0.5,1.3,0.8,0.4,0.33,0.2,0.17,0,0
Artest,Eastern Conference,Central Division,Chicago Bulls,76,31.1,907,11.9,0.75,2.1,3.3,1.43,426,428,1.11,3.1,3.9,0.8,401,2,3,0.59,291,0.1
Brand,Eastern Conference,Central Division,Chicago Bulls,74,39.3,1490,20.1,708,3,3.3,1.1,477,476,1.23,6.2,10.1,3.9,476,0.96,3.2,1.59,0,0.1
Hoiberg,Eastern Conference,Central Division,Chicago Bulls,74,30.4,673,9.1,866,1,2.1,3.55,465,542,1.36,3.9,4.2,0.3,438,1.32,3.6,0.16,412,0
Fizer,Eastern Conference,Central Division,Chicago Bulls,72,21.9,683,9.5,727,1.7,2.4,0.61,442,438,1.06,3.3,4.3,1.1,0.43,0.42,1.1,0.26,256,0.1
Benjamin,Eastern Conference,Central Division,Chicago Bulls,65,13.2,307,4.7,675,1,2,1.1,425,416,1.02,1,1.5,0.6,381,0.43,1.1,0.25,259,0
Mercer,Eastern Conference,Central Division,Chicago Bulls,61,41.6,1202,19.7,825,2.1,2.4,1.56,452,452,1.07,2.7,3.9,1.2,446,1.28,3.3,0.44,304,0
Crawford,Eastern Conference,Central Division,Chicago Bulls,61,17.2,282,4.6,794,1.4,1.1,1.66,353,419,0.93,1.3,1.5,0.1,352,0.7,2.3,0.23,0.35,0
Miller,Eastern Conference,Central Division,Chicago Bulls,57,25.2,505,8.9,743,1.3,3.1,1.47,438,437,1.31,4.8,7.4,2.5,435,0.58,1.9,0.67,0.2,0
El-Amin,Eastern Conference,Central Division,Chicago Bulls,50,18.7,314,6.3,778,1.1,2,2.69,383,415,1.01,1.2,1.6,0.4,0.37,0.96,2.9,0.04,333,0
Drew,Eastern Conference,Central Division,Chicago Bulls,48,27.2,302,6.3,737,1.4,2.1,2.72,378,0.44,0.92,1.2,1.4,0.2,379,0.67,3.9,0.06,381,0
Ruffin,Eastern Conference,Central Division,Chicago Bulls,45,19.5,119,2.6,506,1,2.9,0.85,444,444,1.32,3.6,5.8,2.2,444,0.67,0.9,0.84,0,0
Tarlac,Eastern Conference,Central Division,Chicago Bulls,43,13.9,103,2.4,758,0.9,2.2,0.82,394,394,1.04,2,2.8,0.9,394,0.16,0.7,0.44,0,0
Bagaric,Eastern Conference,Central Division,Chicago Bulls,35,7.4,47,1.3,464,0.6,1.3,0.48,266,262,0.72,1,1.6,0.6,262,0.26,0.3,0.46,0,0
Guyton,Eastern Conference,Central Division,Chicago Bulls,33,19.1,198,6,833,0.7,1.1,2.67,415,477,1.03,0.8,1.1,0.3,406,0.27,1.9,0.15,391,0
Voskuhl,Eastern Conference,Central Division,Chicago Bulls,16,8.9,30,1.9,571,0.8,2.4,0.42,0.44,0.44,1.2,1.4,2.1,0.8,0.44,0.31,0.3,0.38,0,0
Goodrich,Eastern Conference,Central Division,Chicago Bulls,12,11.1,19,1.6,571,0.7,1.2,0.75,0.4,417,1.06,1.2,1.8,0.6,389,0.17,0.5,0.08,333,0
Lynch,Eastern Conference,Atlantic Division,Philadelphia 76ers,82,32.3,686,8.4,719,1.3,2.7,1.28,463,457,1.11,4.8,7.2,2.4,445,1.21,1.7,0.37,263,0
Hill,Eastern Conference,Atlantic Division,Philadelphia 76ers,76,31.1,728,9.6,0.63,1.7,3.2,0.38,474,474,1.24,5.9,9,3.1,474,0.49,0.6,0.36,0,0.1
McKie,Eastern Conference,Atlantic Division,Philadelphia 76ers,76,31.5,878,11.6,768,2.7,2.3,1.86,524,511,1.23,3.7,4.1,0.4,473,1.39,5,0.11,312,0
Mutombo,Eastern Conference,Atlantic Division,Philadelphia 76ers,75,34.5,749,10,725,1.9,2.7,0.53,484,484,1.35,9.4,13.5,4.1,484,0.39,1,2.71,0,0.1
Iverson,Eastern Conference,Atlantic Division,Philadelphia 76ers,71,42,2207,31.1,814,3.3,2.1,1.37,441,447,1.22,3.1,3.8,0.7,0.42,2.51,4.6,0.28,0.32,0.3
Ollie,Eastern Conference,Atlantic Division,Philadelphia 76ers,70,13.2,216,3.1,708,0.7,1.2,2.98,397,398,1.12,1.1,1.4,0.2,396,0.43,2.1,0.01,333,0
Jones,Eastern Conference,Atlantic Division,Philadelphia 76ers,65,13.3,304,4.7,755,0.6,1,0.82,474,0.48,1.11,1.9,2.9,1,444,0.46,0.5,0.23,333,0
MacCulloch,Eastern Conference,Atlantic Division,Philadelphia 76ers,63,9.5,260,4.1,636,0.4,1.5,0.37,589,589,1.41,1.6,2.7,1.1,589,0.11,0.2,0.3,0,0
Ratliff,Eastern Conference,Atlantic Division,Philadelphia 76ers,50,36,621,12.4,0.76,2.5,3.3,0.46,499,499,1.36,5.8,8.3,2.5,499,0.6,1.2,3.74,0,0
Snow,Eastern Conference,Atlantic Division,Philadelphia 76ers,50,34.8,491,9.8,792,2.5,2.5,2.98,425,424,1.13,2.8,3.3,0.5,418,1.54,7.4,0.14,263,0.1
Buford,Eastern Conference,Atlantic Division,Philadelphia 76ers,47,12.2,248,5.3,828,0.6,1.4,0.59,433,465,1.03,1.2,1.6,0.3,432,0.36,0.4,0.13,421,0
McLeod,Eastern Conference,Atlantic Division,Philadelphia 76ers,35,26.3,337,9.6,882,1.7,2.6,1,461,0.44,1.02,2.3,3.4,1.1,437,0.66,1.7,0.23,91,0
Geiger,Eastern Conference,Atlantic Division,Philadelphia 76ers,35,15.5,213,6.1,685,0.7,2.1,0.56,396,393,0.95,2.5,4,1.4,393,0.34,0.4,0.23,0,0
Sanchez,Eastern Conference,Atlantic Division,Philadelphia 76ers,29,5.2,20,0.7,1,0.2,0.7,6.83,333,321,0.71,0.4,0.5,0.1,321,0.38,1.4,0.03,0,0
Bell,Eastern Conference,Atlantic Division,Philadelphia 76ers,5,6,5,1,0,0.4,0.2,0,0.25,357,0.71,0.2,0.2,0,286,0.2,0,0,333,0
Miller,Eastern Conference,Atlantic Division,Philadelphia 76ers,4,2.8,2,0.5,0,0.2,0.2,0,0.5,0.5,1,0.5,0.5,0,0.5,0,0,0,0,0
Grant,Eastern Conference,Atlantic Division,Miami Heat,82,33.8,1250,15.2,797,2.1,3.6,0.59,0.48,479,1.24,6.1,8.8,2.6,479,0.73,1.2,0.87,0,0.1
Bowen,Eastern Conference,Atlantic Division,Miami Heat,82,32.7,623,7.6,609,0.9,3.3,1.78,394,452,1.07,2.4,3,0.5,363,1.01,1.6,0.65,336,0
Green,Eastern Conference,Atlantic Division,Miami Heat,82,17.2,367,4.5,712,0.5,1.5,0.87,453,444,1.13,2.5,3.8,1.3,444,0.37,0.5,0.1,0,0
Mason,Eastern Conference,Atlantic Division,Miami Heat,80,40.7,1290,16.1,781,2.2,2.9,1.39,482,482,1.35,7.5,9.6,2.1,482,1,3.1,0.31,0,0.2
Hardaway,Eastern Conference,Atlantic Division,Miami Heat,77,33.9,1150,14.9,801,2.5,2,2.56,417,482,1.1,2.3,2.6,0.3,392,1.17,6.3,0.08,366,0.1
Carter,Eastern Conference,Atlantic Division,Miami Heat,72,22.6,461,6.4,631,1.7,2.1,2.25,0.43,412,0.96,1.9,2.5,0.6,406,1.01,3.7,0.14,0.15,0
Jones,Eastern Conference,Atlantic Division,Miami Heat,63,36.2,1094,17.4,844,2.1,2.9,1.27,471,497,1.26,3.4,4.6,1.2,445,1.75,2.7,0.92,378,0
Majerle,Eastern Conference,Atlantic Division,Miami Heat,53,24.6,267,5,818,0.7,1.8,2.51,385,446,1.03,2.8,3.1,0.4,336,1,1.7,0.28,315,0
House,Eastern Conference,Atlantic Division,Miami Heat,50,11,251,5,686,0.7,1.2,1.49,443,0.46,1.02,0.7,0.8,0.1,421,0.26,1,0,345,0
Causwell,Eastern Conference,Atlantic Division,Miami Heat,31,12.4,76,2.5,0.48,0.7,2.2,0.22,376,376,0.89,1.9,2.7,0.7,376,0.26,0.2,0.58,0,0.1
Ceballos,Eastern Conference,Atlantic Division,Miami Heat,27,14.6,186,6.9,879,0.9,1.6,0.57,496,497,1.18,2,3,1,462,0.37,0.5,0.15,333,0
Mourning,Eastern Conference,Atlantic Division,Miami Heat,13,23.5,177,13.6,564,2.2,1.8,0.43,521,518,1.26,5.1,7.8,2.7,518,0.31,0.9,2.38,0,0.2
Fuller,Eastern Conference,Atlantic Division,Miami Heat,10,7.7,28,2.8,1,0.3,1,0.33,286,286,0.8,1.1,1.8,0.7,286,0.3,0.1,0.2,0,0
MacLean,Eastern Conference,Atlantic Division,Miami Heat,8,9.5,31,3.9,0.75,1.2,1.1,0.4,444,0.55,1.55,1.4,2.2,0.9,0.5,0.62,0.5,0.12,1,0
Davis,Eastern Conference,Atlantic Division,Miami Heat,7,10,32,4.6,875,0.7,1,2.2,393,431,1.1,0.9,1,0.1,414,0.71,1.6,0.29,1,0
Robinson,Eastern Conference,Atlantic Division,Miami Heat,6,12,6,1,0,0.5,1.2,0.67,0.15,136,0.27,1.3,1.8,0.5,136,1,0.3,0,0,0
Jackson,Eastern Conference,Atlantic Division,New York Knicks,83,31.2,631,7.6,785,2.1,1.7,3.78,463,479,1.08,2.9,3.7,0.8,419,1.01,8,0.08,338,0
Houston,Eastern Conference,Atlantic Division,New York Knicks,78,36.6,1459,18.7,909,2.1,2.4,1.07,467,488,1.21,3.4,3.6,0.3,449,0.67,2.2,0.13,381,0
Sprewell,Eastern Conference,Atlantic Division,New York Knicks,77,39.2,1364,17.7,783,2.8,2.1,1.23,446,447,1.12,3.9,4.5,0.6,0.43,1.38,3.5,0.36,304,0.1
Thomas,Eastern Conference,Atlantic Division,New York Knicks,77,27.6,800,10.4,814,1.3,3.7,0.64,512,512,1.3,4.5,6.7,2.2,511,0.79,0.8,0.9,333,0.1
Rice,Eastern Conference,Atlantic Division,New York Knicks,75,29.5,899,12,852,1.3,2.4,0.93,0.46,495,1.2,3.3,4.1,0.8,0.44,0.55,1.2,0.17,389,0
Harrington,Eastern Conference,Atlantic Division,New York Knicks,74,24.5,665,9,763,2,3.2,0.39,0.49,487,1.31,3.4,5.2,1.9,487,0.46,0.8,0.61,0,0.1
Johnson,Eastern Conference,Atlantic Division,New York Knicks,65,32.4,645,9.9,797,1.5,3.2,1.31,448,454,1.08,4.2,5.6,1.4,411,0.6,2,0.45,313,0.1
Camby,Eastern Conference,Atlantic Division,New York Knicks,63,33.8,759,12,667,1,3.3,0.83,0.53,525,1.31,8.4,11.5,3.1,524,1.05,0.8,2.16,125,0.1
Ward,Eastern Conference,Atlantic Division,New York Knicks,61,24.5,433,7.1,0.8,1.8,2.2,2.44,444,505,1.16,2.1,2.6,0.5,416,1.15,4.5,0.16,383,0
Knight,Eastern Conference,Atlantic Division,New York Knicks,45,5.7,29,0.6,0.5,0.2,1,0.5,192,189,0.55,0.8,1.2,0.4,189,0.11,0.1,0.24,0,0
Postell,Eastern Conference,Atlantic Division,New York Knicks,26,6.5,59,2.3,815,0.7,0.5,0.29,326,343,1.09,0.7,1,0.3,315,0.15,0.2,0.08,273,0
Longley,Eastern Conference,Atlantic Division,New York Knicks,25,12,49,2,765,0.9,2,0.32,333,333,0.91,1.6,2.6,1,333,0.12,0.3,0.36,0,0
Spencer,Eastern Conference,Atlantic Division,New York Knicks,18,6.3,39,2.2,0.6,0.6,1.3,0.18,0.6,0.6,1.95,1.1,1.9,0.9,0.6,0.11,0.1,0.11,0,0
Brunson,Eastern Conference,Atlantic Division,New York Knicks,15,4.4,20,1.3,667,0.5,0.3,0.88,0.5,421,1.05,0.6,0.8,0.2,421,0.07,0.5,0,0,0
Miller,Eastern Conference,Atlantic Division,Orlando Magic,82,29.1,975,11.9,711,1.2,2.4,1.44,457,523,1.15,3.2,4,0.8,436,0.62,1.7,0.23,407,0
Amaechi,Eastern Conference,Atlantic Division,Orlando Magic,82,20.9,650,7.9,631,1.5,2.1,0.6,405,0.4,1.1,2.3,3.3,0.9,0.4,0.34,0.9,0.35,0,0
Williams,Eastern Conference,Atlantic Division,Orlando Magic,82,14.8,410,5,639,1,1.7,0.93,459,446,1.13,1.9,3,1,445,0.35,1,0.2,77,0
Outlaw,Eastern Conference,Atlantic Division,Orlando Magic,80,31.7,582,7.3,573,1.8,3,1.6,615,615,1.58,5.1,7.7,2.6,614,1.31,2.8,1.71,0.5,0.1
McGrady,Eastern Conference,Atlantic Division,Orlando Magic,77,40.1,2065,26.8,733,2.6,2.1,1.78,468,474,1.2,5,7.5,2.5,457,1.51,4.6,1.53,355,0.1
Doleac,Eastern Conference,Atlantic Division,Orlando Magic,77,18.2,490,6.4,847,0.8,3.1,1.1,0.42,417,0.93,2.6,3.5,0.9,417,0.48,0.8,0.53,0,0
Garrity,Eastern Conference,Atlantic Division,Orlando Magic,76,20.8,628,8.3,867,0.9,3.2,0.75,358,471,1.09,2.1,2.8,0.7,387,0.53,0.7,0.2,433,0
Armstrong,Eastern Conference,Atlantic Division,Orlando Magic,75,36.9,1189,15.9,884,2.7,2.1,2.62,451,484,1.19,3.3,4.6,1.3,412,1.8,7,0.17,355,0.1
Hudson,Eastern Conference,Atlantic Division,Orlando Magic,75,13.5,357,4.8,817,1.2,1.1,1.76,392,366,0.96,0.9,1.4,0.5,336,0.49,2.2,0.04,202,0
DeClercq,Eastern Conference,Atlantic Division,Orlando Magic,67,13.5,261,3.9,573,0.8,3,0.63,554,554,1.35,2.2,3.5,1.4,554,0.61,0.5,0.49,0,0
Reid,Eastern Conference,Atlantic Division,Orlando Magic,64,11.9,210,3.3,613,0.8,3,0.44,566,566,1.45,2.5,3.8,1.3,566,0.36,0.3,0.84,0,0
Alexander,Eastern Conference,Atlantic Division,Orlando Magic,26,8.7,52,2,667,1,1.1,1.44,0.35,357,0.93,1,1,0,321,0.62,1.4,0,0.25,0
Brown,Eastern Conference,Atlantic Division,Orlando Magic,7,22.1,48,6.9,0.8,1,1.4,1.71,333,0.5,1.09,1.6,1.6,0,364,0.57,1.7,0,375,0
Robinson,Eastern Conference,Atlantic Division,Orlando Magic,6,8.3,10,1.7,0,0.7,0.8,0,333,455,0.91,1.3,1.3,0,364,0.67,0,0.17,0.4,0
Hill,Eastern Conference,Atlantic Division,Orlando Magic,4,33.2,55,13.8,615,2.8,2.2,2.27,429,453,1.28,4.2,6.2,2,442,1.25,6.2,0.5,1,0
Pierce,Eastern Conference,Atlantic Division,Boston Celtics,82,38,2071,25.3,745,3.2,3.1,0.97,478,503,1.37,5.2,6.4,1.1,454,1.68,3.1,0.84,383,0.1
Potapenko,Eastern Conference,Atlantic Division,Boston Celtics,82,23.2,611,7.5,728,1.3,2.8,0.61,476,476,1.17,3.5,6,2.5,476,0.63,0.8,0.28,0,0.1
Walker,Eastern Conference,Atlantic Division,Boston Celtics,81,41.9,1892,23.4,716,3.7,3.1,1.48,439,478,1.1,7,8.9,1.9,413,1.7,5.5,0.6,367,0.2
Williams,Eastern Conference,Atlantic Division,Boston Celtics,81,21.5,535,6.6,714,0.9,2.2,1.47,375,413,1.19,1.8,2.6,0.8,362,0.79,1.4,0.16,331,0
Stith,Eastern Conference,Atlantic Division,Boston Celtics,78,32.1,756,9.7,845,1.2,2.3,1.87,417,475,1.24,2.8,3.6,0.8,401,1.19,2.2,0.18,376,0
Blount,Eastern Conference,Atlantic Division,Boston Celtics,64,17.2,248,3.9,697,1,2.9,0.52,505,505,1.24,2.1,3.6,1.5,505,0.61,0.5,1.19,0,0
McCarty,Eastern Conference,Atlantic Division,Boston Celtics,60,8,131,2.2,786,0.3,1.4,1.95,371,433,1.04,0.9,1.4,0.4,357,0.23,0.6,0.12,339,0
Palacio,Eastern Conference,Atlantic Division,Boston Celtics,58,19.7,342,5.9,848,1.4,1.4,1.89,494,494,1.28,1.3,1.8,0.4,472,0.83,2.6,0,333,0
Brown,Eastern Conference,Atlantic Division,Boston Celtics,54,22.9,223,4.1,575,1,2.4,2.75,427,422,0.94,1.4,1.8,0.4,422,1.15,2.9,0.19,0,0
Griffin,Eastern Conference,Atlantic Division,Boston Celtics,44,8.6,93,2.1,0.75,0.4,1,1.5,338,387,0.96,1.4,2,0.6,0.34,0.41,0.6,0.11,346,0
Battie,Eastern Conference,Atlantic Division,Boston Celtics,40,21.1,260,6.5,638,0.9,3.2,0.43,545,537,1.29,4,5.8,1.8,537,0.68,0.4,1.5,0,0
Carr,Eastern Conference,Atlantic Division,Boston Celtics,35,8.8,169,4.8,767,0.5,1.3,0.58,0.48,549,1.51,0.9,1.3,0.3,473,0.11,0.3,0.09,459,0
Anderson,Eastern Conference,Atlantic Division,Boston Celtics,33,25.7,246,7.5,831,1.6,1.9,2.58,397,412,1.08,1.7,2.2,0.5,388,1.33,4.1,0.06,333,0
Herren,Eastern Conference,Atlantic Division,Boston Celtics,25,16.3,83,3.3,0.75,0.8,1.7,2.8,317,385,0.86,0.7,0.8,0.2,302,0.56,2.2,0,291,0
Moiso,Eastern Conference,Atlantic Division,Boston Celtics,24,5.6,35,1.5,423,0.8,1.2,0.17,414,0.4,1.17,1.2,1.8,0.5,0.4,0.12,0.1,0.17,0,0
Williams,Eastern Conference,Atlantic Division,New Jersey Nets,82,28.5,838,10.2,787,1.6,3.9,0.67,458,457,1.29,4.6,7.2,2.6,457,0.72,1.1,1.38,0,0
Newman,Eastern Conference,Atlantic Division,New Jersey Nets,82,25,895,10.9,855,1.3,2.8,1.08,447,461,1.29,1.7,2.1,0.4,419,0.77,1.4,0.12,335,0
Jackson,Eastern Conference,Atlantic Division,New Jersey Nets,77,21.6,635,8.2,719,1.7,2.2,1.08,458,0.47,1.11,2.2,2.7,0.5,425,1.12,1.8,0.18,335,0.1
Eschmeyer,Eastern Conference,Atlantic Division,New Jersey Nets,74,18,251,3.4,657,0.7,3,0.75,0.46,0.46,1.25,3.1,4.9,1.8,0.46,0.55,0.5,0.78,0,0
Harris,Eastern Conference,Atlantic Division,New Jersey Nets,73,28.4,683,9.4,0.77,0.9,1.7,2.11,445,462,1.09,3,3.9,1,425,1.01,1.8,0.22,348,0
Martin,Eastern Conference,Atlantic Division,New Jersey Nets,68,33.4,814,12,0.63,2,4.1,0.95,0.45,446,1.05,5.4,7.4,2,445,1.15,1.9,1.66,91,0
Marbury,Eastern Conference,Atlantic Division,New Jersey Nets,67,38.2,1598,23.9,0.79,2.9,2.2,2.57,481,484,1.25,2.3,3.1,0.8,441,1.18,7.6,0.07,328,0
Douglas,Eastern Conference,Atlantic Division,New Jersey Nets,59,18.5,338,5.7,748,1.3,1.6,1.82,433,416,1.12,0.9,1.3,0.4,403,0.61,2.4,0.07,0.2,0.1
Strickland,Eastern Conference,Atlantic Division,New Jersey Nets,55,13.1,252,4.6,643,0.6,1.3,0.71,0.43,433,1.05,1.9,2.9,1,431,0.29,0.4,0.4,0.5,0
Van Horn,Eastern Conference,Atlantic Division,New Jersey Nets,49,35.4,831,17,806,2.1,3.1,0.8,452,481,1.17,5.5,7.1,1.6,435,0.82,1.7,0.41,382,0
Samake,Eastern Conference,Atlantic Division,New Jersey Nets,34,6.6,46,1.4,417,0.1,0.7,0.25,375,375,0.96,0.9,1.6,0.6,375,0.06,0,0.41,0,0
Gill,Eastern Conference,Atlantic Division,New Jersey Nets,31,28.8,283,9.1,722,1.5,2.1,1.81,333,337,0.88,3.2,4.2,1,331,1.52,2.8,0.23,286,0
Stepania,Eastern Conference,Atlantic Division,New Jersey Nets,29,9.7,82,2.8,735,0.7,1.6,0.84,321,324,0.93,2.6,3.8,1.2,318,0.34,0.6,0.38,0.25,0
Overton,Eastern Conference,Atlantic Division,New Jersey Nets,21,22.6,125,6,625,1.5,1.8,2.32,398,414,0.9,1.7,1.9,0.2,374,0.38,3.4,0,306,0
McIlvaine,Eastern Conference,Atlantic Division,New Jersey Nets,18,10.7,28,1.6,667,0.5,1.9,0.44,357,357,1,1.5,1.9,0.4,357,0.39,0.2,0.83,0,0
Gill,Eastern Conference,Atlantic Division,New Jersey Nets,8,19,39,4.9,0.8,1.2,1.1,2.4,406,427,0.95,1.1,1.1,0,0.39,0.5,3,0.12,333,0
Feick,Eastern Conference,Atlantic Division,New Jersey Nets,6,24.8,22,3.7,0.5,1.2,2.5,0.71,348,348,0.96,7.3,9.3,2,348,1.33,0.8,0.5,0,0
Thomas,Eastern Conference,Atlantic Division,New Jersey Nets,5,11.2,13,2.6,0,1.2,1.2,0,312,342,0.68,1,1.8,0.8,316,0.6,0,0,333,0
Smith,Eastern Conference,Atlantic Division,Washington Wizards,79,20.4,301,3.8,578,0.8,2,1.63,488,486,1.38,4.9,7.1,2.2,486,0.72,1.3,0.47,0,0.1
Laettner,Eastern Conference,Atlantic Division,Washington Wizards,78,21.3,728,9.3,833,1.8,3.1,0.91,507,506,1.32,3.2,4.7,1.5,503,0.91,1.6,0.59,308,0
Hamilton,Eastern Conference,Atlantic Division,Washington Wizards,78,32.3,1411,18.1,868,2.6,2.6,1.11,0.46,454,1.13,2.1,3.1,1,438,0.96,2.9,0.13,274,0.1
White,Eastern Conference,Atlantic Division,Washington Wizards,68,23.7,583,8.6,567,2,3.1,0.15,499,498,1.43,5,7.6,2.6,498,0.47,0.3,1.65,0,0.1
Nesby,Eastern Conference,Atlantic Division,Washington Wizards,62,25.1,512,8.3,802,1,2.5,1.17,0.4,403,0.97,2,2.8,0.8,357,0.82,1.2,0.32,272,0.1
Whitney,Eastern Conference,Atlantic Division,Washington Wizards,59,26,558,9.5,894,1.7,2.5,2.41,401,486,1.19,1.6,1.8,0.2,387,0.93,4.2,0.05,375,0
Vaught,Eastern Conference,Atlantic Division,Washington Wizards,51,10.8,168,3.3,0.8,0.5,1.5,0.88,473,473,0.99,2.4,3.4,1,473,0.41,0.5,0.14,0,0
King,Eastern Conference,Atlantic Division,Washington Wizards,45,15.7,216,4.8,0.8,1,2.1,0.66,511,511,1.23,2,2.9,0.9,511,0.31,0.7,0.24,0,0
Jones,Eastern Conference,Atlantic Division,Washington Wizards,45,14.2,162,3.6,745,0.5,2.1,1.48,401,395,1.06,3,4.9,1.8,392,0.42,0.7,0.18,167,0
Richmond,Eastern Conference,Atlantic Division,Washington Wizards,37,32.9,598,16.2,894,2.3,2.3,1.32,431,451,1.19,2.5,2.9,0.4,407,1.16,3,0.16,338,0
Profit,Eastern Conference,Atlantic Division,Washington Wizards,35,17.3,152,4.3,733,1.3,1.2,1.93,422,419,1.07,1.3,1.8,0.5,394,1.03,2.5,0.31,269,0
Alexander,Eastern Conference,Atlantic Division,Washington Wizards,27,33.7,458,17,857,2,2.3,0.76,454,466,1.16,2.1,3,0.8,448,1.07,1.5,0.07,389,0
Vanterpool,Eastern Conference,Atlantic Division,Washington Wizards,22,18.7,122,5.5,0.6,1.7,2,1.78,442,418,1.11,1,1.7,0.7,418,1.05,3,0.14,0,0
Smith,Eastern Conference,Atlantic Division,Washington Wizards,17,10.6,51,3,625,0.4,0.5,1.43,0.39,347,0.86,0.7,1.3,0.6,322,0.29,0.6,0.18,167,0
Davis,Eastern Conference,Atlantic Division,Washington Wizards,15,28.7,153,10.2,905,1.7,1.9,1.96,457,563,1.29,1.3,2,0.7,479,0.4,3.3,0,526,0
Anderson,Western Conference,Midwest Division,San Antonio Spurs,82,34.9,1269,15.5,851,2,2.3,1.82,422,467,1.28,3.5,4.4,0.9,416,1.46,3.7,0.17,399,0
Duncan,Western Conference,Midwest Division,San Antonio Spurs,82,38.7,1820,22.2,618,3,3,1.01,504,502,1.29,9,12.2,3.2,499,0.85,3,2.34,259,0
Robinson,Western Conference,Midwest Division,San Antonio Spurs,80,29.6,1151,14.4,747,1.5,2.7,0.95,487,486,1.4,6,8.6,2.6,486,1,1.5,2.46,0,0
Porter,Western Conference,Midwest Division,San Antonio Spurs,80,21,573,7.2,793,1.3,1.1,2.41,468,547,1.3,2.2,2.5,0.3,448,0.65,3.1,0.14,424,0.1
Ferry,Western Conference,Midwest Division,San Antonio Spurs,80,21.1,448,5.6,733,0.6,2.1,1.42,493,568,1.19,2.1,2.8,0.7,475,0.35,0.9,0.26,449,0
Daniels,Western Conference,Midwest Division,San Antonio Spurs,79,26.1,745,9.4,776,1.4,1.5,2.79,496,531,1.27,1.7,2.1,0.3,468,0.77,3.8,0.18,404,0
Walker,Western Conference,Midwest Division,San Antonio Spurs,61,15.8,321,5.3,629,1.1,1.7,0.43,482,482,1.27,2.9,4,1.1,0.48,0.16,0.5,0.67,333,0
Rose,Western Conference,Midwest Division,San Antonio Spurs,57,21.4,437,7.7,712,1.3,2.6,0.65,447,439,1.19,3.7,5.4,1.7,435,1.04,0.8,0.7,176,0
Johnson,Western Conference,Midwest Division,San Antonio Spurs,55,23.5,310,5.6,683,1.1,1.6,3.95,452,448,1.03,1.2,1.5,0.4,447,0.6,4.3,0.07,167,0
Kerr,Western Conference,Midwest Division,San Antonio Spurs,55,11.8,181,3.3,933,0.4,0.5,2.71,415,525,1.14,0.5,0.6,0.1,421,0.29,1,0.02,429,0
Elliott,Western Conference,Midwest Division,San Antonio Spurs,52,23.6,409,7.9,714,1,1.5,1.59,438,515,1.21,2.9,3.3,0.3,434,0.44,1.6,0.48,426,0
Dial,Western Conference,Midwest Division,San Antonio Spurs,33,6.3,86,2.6,571,0.4,0.7,1.75,466,446,1.04,0.8,1.2,0.4,434,0.12,0.6,0.18,0.2,0
Newble,Western Conference,Midwest Division,San Antonio Spurs,27,6.8,54,2,0.5,0.3,0.7,0.86,0.37,418,0.98,0.8,1.3,0.5,382,0.07,0.2,0.15,444,0
Scott,Western Conference,Midwest Division,San Antonio Spurs,27,5.3,43,1.6,409,0.4,0.9,0.36,415,415,1.05,1,1.9,0.9,415,0.19,0.1,0.22,0,0
Jackson,Western Conference,Midwest Division,San Antonio Spurs,16,7.1,39,2.4,0,0.2,0.8,2.33,409,488,0.98,0.7,0.8,0.1,0.4,0.31,0.4,0,389,0
Stockton,Western Conference,Midwest Division,Utah Jazz,82,29.2,944,11.5,817,2.5,2.4,3.51,514,551,1.45,2.1,2.8,0.7,504,1.61,8.7,0.26,462,0
Manning,Western Conference,Midwest Division,Utah Jazz,82,15.9,603,7.4,729,1.2,2.7,0.96,508,501,1.21,1.8,2.6,0.8,494,0.57,1.1,0.35,0.25,0.1
Vaughn,Western Conference,Midwest Division,Utah Jazz,82,19.8,498,6.1,0.78,1.6,1.8,2.5,444,471,1.27,1.6,1.8,0.2,433,0.59,3.9,0.04,385,0
Malone,Western Conference,Midwest Division,Utah Jazz,81,35.7,1878,23.2,793,3,2.7,1.48,499,499,1.4,6.9,8.3,1.4,498,1.15,4.5,0.77,0.4,0.3
Polynice,Western Conference,Midwest Division,Utah Jazz,81,20,429,5.3,262,1,3,0.4,498,496,1.03,2.7,4.7,1.9,496,0.33,0.4,0.95,0,0.1
Marshall,Western Conference,Midwest Division,Utah Jazz,81,28.7,1100,13.6,751,1.6,2.4,1.04,535,527,1.3,4.9,7,2.1,503,1.05,1.6,0.96,0.32,0.1
Ostertag,Western Conference,Midwest Division,Utah Jazz,81,18.4,363,4.5,556,0.8,2.7,0.35,495,496,1.29,3.1,5.1,2,495,0.27,0.3,1.75,0.5,0.1
Russell,Western Conference,Midwest Division,Utah Jazz,78,31.7,933,12,779,1.4,2.9,1.42,453,508,1.33,3,4.2,1.2,0.44,1.23,2.1,0.26,413,0
Starks,Western Conference,Midwest Division,Utah Jazz,75,28.3,699,9.3,802,1.3,2.9,1.89,415,445,1.02,1.7,2.1,0.4,398,0.97,2.4,0.13,352,0.1
Benoit,Western Conference,Midwest Division,Utah Jazz,49,9.1,178,3.6,795,0.6,1.5,0.79,493,0.5,1.21,1.2,1.7,0.4,483,0.12,0.4,0.12,385,0
Stevenson,Western Conference,Midwest Division,Utah Jazz,40,7.3,89,2.2,684,0.7,0.7,0.64,0.38,346,0.98,0.5,0.7,0.2,341,0.25,0.4,0.05,83,0
Lewis,Western Conference,Midwest Division,Utah Jazz,35,11.5,124,3.5,714,0.5,2.2,1.06,418,443,1.01,0.9,1.3,0.4,407,0.29,0.5,0.29,0.36,0
Crotty,Western Conference,Midwest Division,Utah Jazz,31,8.5,65,2.1,895,0.6,1.1,1.75,0.31,369,1,0.5,0.9,0.4,338,0.19,1.1,0,571,0
Padgett,Western Conference,Midwest Division,Utah Jazz,27,4.7,56,2.1,0.75,0.4,0.8,0.5,382,477,1.3,0.7,1.4,0.7,419,0.22,0.2,0.11,556,0
Finley,Western Conference,Midwest Division,Dallas Mavericks,82,42,1765,21.5,775,2.3,2.1,1.89,481,487,1.14,3.9,5.2,1.3,458,1.44,4.4,0.39,346,0
Nowitzki,Western Conference,Midwest Division,Dallas Mavericks,82,38.1,1784,21.8,838,1.9,3,1.11,513,534,1.43,7.7,9.2,1.5,474,0.96,2.1,1.23,387,0
Eisley,Western Conference,Midwest Division,Dallas Mavericks,82,29.6,741,9,825,1.2,2.7,2.89,389,472,1.1,2.1,2.4,0.3,393,1.21,3.6,0.15,398,0
Bradley,Western Conference,Midwest Division,Dallas Mavericks,82,24.4,579,7.1,787,1.1,3.1,0.43,494,491,1.3,5.5,7.4,2,0.49,0.44,0.5,2.78,167,0.2
Howard,Western Conference,Midwest Division,Dallas Mavericks,81,36.7,1462,18,773,3,3.6,0.92,0.48,479,1.2,5,7.1,2.1,479,0.93,2.8,0.46,0,0.1
Nash,Western Conference,Midwest Division,Dallas Mavericks,70,34.1,1092,15.6,895,2.9,2.3,2.48,518,544,1.38,2.5,3.2,0.7,487,1.03,7.3,0.07,406,0
Booth,Western Conference,Midwest Division,Dallas Mavericks,55,17,293,5.3,679,1,2.7,0.79,476,476,1.16,3.1,4.5,1.4,476,0.53,0.8,2.02,0,0
Maxwell,Western Conference,Midwest Division,Dallas Mavericks,43,15.3,201,4.7,656,0.8,1.5,1.4,348,404,0.9,1.4,1.5,0.1,327,0.49,1.1,0.07,306,0.1
Najera,Western Conference,Midwest Division,Dallas Mavericks,40,10.8,131,3.3,424,0.4,1.2,1.59,528,527,1.18,1.4,2.4,1,523,0.32,0.7,0.2,333,0.1
Buckner,Western Conference,Midwest Division,Dallas Mavericks,37,22.2,229,6.2,728,0.7,3.2,1.81,443,443,1.19,2.6,4.2,1.6,438,0.89,1.3,0.24,286,0
Trent,Western Conference,Midwest Division,Dallas Mavericks,33,9.7,133,4,528,0.7,1.6,0.45,442,438,1.02,1.6,2.8,1.2,438,0.39,0.3,0.24,0,0
Ekezie,Western Conference,Midwest Division,Dallas Mavericks,33,8.5,101,3.1,698,0.4,1.5,0.64,395,395,1.25,1.4,2.4,0.9,395,0.15,0.3,0.15,0,0
Bryant,Western Conference,Midwest Division,Dallas Mavericks,18,5.6,19,1.1,0.6,0.3,1.6,0.6,0.4,0.4,0.95,0.9,1.2,0.2,0.4,0.06,0.2,0.11,0,0
Harvey,Western Conference,Midwest Division,Dallas Mavericks,18,3.6,22,1.2,375,0.4,0.8,0.29,571,571,1.57,0.8,1.1,0.3,571,0.17,0.1,0.06,0,0
Wang,Western Conference,Midwest Division,Dallas Mavericks,5,7.6,24,4.8,0.8,0.2,1.6,0,471,421,1.26,1.2,1.4,0.2,421,0,0,0,0,0
Szczerbiak,Western Conference,Midwest Division,Minnesota Timberwolves,82,34.8,1145,14,0.87,1.7,2.8,1.88,526,524,1.24,3.8,5.5,1.6,0.51,0.72,3.2,0.4,338,0
Ellis,Western Conference,Midwest Division,Minnesota Timberwolves,82,23.8,772,9.4,0.79,1.3,3.5,0.86,469,0.47,1.2,3.6,6,2.4,464,0.82,1.1,0.9,318,0
Mitchell,Western Conference,Midwest Division,Minnesota Timberwolves,82,12,285,3.5,727,0.4,1.4,1.58,443,424,0.99,1.2,1.5,0.3,408,0.32,0.7,0.12,209,0
Garnett,Western Conference,Midwest Division,Minnesota Timberwolves,81,39.5,1784,22,764,2.8,2.5,1.74,486,484,1.21,8.7,11.4,2.7,477,1.37,5,1.79,288,0.2
Brandon,Western Conference,Midwest Division,Minnesota Timberwolves,78,36.2,1250,16,871,2,1.8,3.76,458,465,1.1,3.1,3.8,0.8,451,2.06,7.5,0.27,363,0
Billups,Western Conference,Midwest Division,Minnesota Timberwolves,77,23.2,713,9.3,842,1.4,2.3,2.34,445,485,1.21,1.6,2.1,0.4,422,0.66,3.4,0.14,376,0
Peeler,Western Conference,Midwest Division,Minnesota Timberwolves,75,28.3,791,10.5,862,1.4,2.2,1.83,437,489,1.08,2,2.6,0.6,421,1.21,2.6,0.24,391,0
Nesterovic,Western Conference,Midwest Division,Minnesota Timberwolves,73,16.9,328,4.5,523,0.8,2.6,0.82,462,461,1.03,2.6,3.9,1.4,461,0.34,0.6,0.86,0,0
Lopez,Western Conference,Midwest Division,Minnesota Timberwolves,70,22.4,550,7.9,699,1.2,2.2,1.29,451,461,1.15,2.6,3.3,0.8,441,0.89,1.5,0.43,365,0
Garrett,Western Conference,Midwest Division,Minnesota Timberwolves,70,11.9,177,2.5,692,0.4,1.3,0.96,481,481,1.13,2.2,3.1,0.9,481,0.37,0.3,0.7,0,0
Slater,Western Conference,Midwest Division,Minnesota Timberwolves,55,12.5,254,4.6,673,0.8,2.3,0.6,514,514,1.45,2,3.4,1.4,514,0.33,0.5,0.16,0,0
Avery,Western Conference,Midwest Division,Minnesota Timberwolves,55,8.4,154,2.8,778,0.8,0.9,1.67,459,438,1.07,0.4,0.5,0.1,382,0.24,1.4,0.07,271,0
Day,Western Conference,Midwest Division,Minnesota Timberwolves,31,11.1,132,4.3,783,0.8,1.7,1.17,367,483,1.12,0.9,1.2,0.3,373,0.32,0.9,0.23,377,0.1
Jacobson,Western Conference,Midwest Division,Minnesota Timberwolves,14,4.2,20,1.4,667,0,1.4,0,0.5,0.5,1.11,0.2,0.4,0.2,0.5,0.21,0.3,0,0,0
Hammonds,Western Conference,Midwest Division,Minnesota Timberwolves,7,4.3,7,1,0.5,0.4,0.9,0.33,0.3,0.3,0.7,0.3,0.6,0.3,0.3,0,0.1,0,0,0.1
Anderson,Western Conference,Midwest Division,Houston Rockets,82,29.2,710,8.7,734,1.6,2.5,1.44,517,485,1.2,3.2,4.1,0.9,446,1,2.3,0.49,271,0
Norris,Western Conference,Midwest Division,Houston Rockets,82,20.2,544,6.6,778,1.3,1,2.64,491,476,1.32,1.9,2.4,0.5,446,0.84,3.5,0.02,281,0
Francis,Western Conference,Midwest Division,Houston Rockets,80,39.9,1591,19.9,817,3.3,3.4,1.95,472,506,1.31,4.5,6.9,2.4,451,1.76,6.5,0.39,396,0.3
Mobley,Western Conference,Midwest Division,Houston Rockets,79,38,1538,19.5,831,2.1,2.1,1.18,454,471,1.27,4,5,1.1,434,1.06,2.5,0.33,357,0.1
Thomas,Western Conference,Midwest Division,Houston Rockets,74,24.6,528,7.1,722,1.6,2.4,0.66,485,0.47,1.14,4,5.6,1.6,443,0.54,1,0.58,272,0
Williams,Western Conference,Midwest Division,Houston Rockets,72,22,599,8.3,0.77,1,2.1,1.33,392,489,1.17,3,3.4,0.4,394,0.42,1.3,0.39,395,0.1
Taylor,Western Conference,Midwest Division,Houston Rockets,69,28.6,899,13,735,1.8,3,0.83,492,489,1.13,3.9,5.5,1.6,489,0.41,1.5,0.55,0,0.1
Bullard,Western Conference,Midwest Division,Houston Rockets,61,16.4,354,5.8,714,0.2,1.2,3.5,467,564,1.16,1.8,2.1,0.4,423,0.16,0.7,0.15,404,0
Olajuwon,Western Conference,Midwest Division,Houston Rockets,58,26.6,689,11.9,621,1.4,2.4,0.89,499,498,1.21,5.3,7.4,2.1,498,1.21,1.2,1.52,0,0
Rogers,Western Conference,Midwest Division,Houston Rockets,39,13.9,179,4.6,558,0.4,0.8,0.53,688,682,1.63,2.3,3.6,1.2,682,0.26,0.2,0.46,0,0.1
Cato,Western Conference,Midwest Division,Houston Rockets,35,17.8,165,4.7,649,0.7,2.5,0.44,577,577,1.49,2.7,4,1.3,577,0.37,0.3,0.89,0,0
Langhi,Western Conference,Midwest Division,Houston Rockets,33,7.3,90,2.7,552,0.2,0.5,0.5,378,374,0.91,0.8,1.2,0.4,374,0.21,0.1,0.03,0,0
Collier,Western Conference,Midwest Division,Houston Rockets,23,9.7,71,3.1,708,0.5,1.2,0.55,386,0.38,1,1.1,1.6,0.5,0.38,0.09,0.3,0.13,0,0
Colson,Western Conference,Midwest Division,Houston Rockets,13,3.4,15,1.2,0.5,0.2,0.5,5,263,271,0.62,0.3,0.5,0.2,0.25,0.08,0.8,0,0.2,0
Posey,Western Conference,Midwest Division,Denver Nuggets,82,27.5,666,8.1,816,1.2,2.8,1.6,477,467,1.13,3.7,5.3,1.5,412,1.13,2,0.49,0.3,0
Lenard,Western Conference,Midwest Division,Denver Nuggets,80,29.1,972,12.1,797,1.3,2.1,1.86,407,484,1.15,2.3,2.9,0.6,397,0.81,2.4,0.22,385,0
LaFrentz,Western Conference,Midwest Division,Denver Nuggets,78,31.5,1008,12.9,698,1.2,3.7,1.1,499,508,1.24,5.6,7.8,2.2,477,0.47,1.4,2.64,367,0
Willis,Western Conference,Midwest Division,Denver Nuggets,78,23.5,722,9.3,769,1.1,2.8,0.57,443,441,1.05,4.6,6.8,2.3,441,0.73,0.6,0.67,167,0.2
McCloud,Western Conference,Midwest Division,Denver Nuggets,76,26.4,729,9.6,0.84,1.5,2.2,2.38,411,0.44,1.11,2.2,2.9,0.7,382,0.7,3.7,0.36,329,0
Pack,Western Conference,Midwest Division,Denver Nuggets,74,17,479,6.5,766,1.8,1.5,2.17,428,439,1.12,1.4,1.9,0.4,425,0.88,4,0.01,387,0
Van Exel,Western Conference,Midwest Division,Denver Nuggets,71,37.9,1259,17.7,819,2.3,1.5,3.64,431,474,1.13,2.8,3.4,0.6,414,0.86,8.5,0.25,377,0.2
McDyess,Western Conference,Midwest Division,Denver Nuggets,70,36.5,1458,20.8,0.7,2.3,3.1,0.9,495,495,1.25,8.6,12.1,3.4,495,0.61,2.1,1.46,0,0.1
Bowen,Western Conference,Midwest Division,Denver Nuggets,57,12.2,191,3.4,614,0.4,1.7,1.25,571,569,1.33,0.9,2,1.1,556,0.65,0.5,0.21,364,0
Abdul-Wahad,Western Conference,Midwest Division,Denver Nuggets,29,14.5,111,3.8,583,1.2,1.9,0.65,386,405,1,1.6,2,0.5,387,0.48,0.8,0.45,0.4,0
Goldwire,Western Conference,Midwest Division,Denver Nuggets,20,10.1,82,4.1,765,0.8,0.6,2.27,457,431,1.02,0.6,0.6,0.1,375,0.45,1.7,0,265,0
Davis,Western Conference,Midwest Division,Denver Nuggets,19,12,33,1.7,409,0.3,1.8,1.4,0.48,0.48,1.32,1.5,2.8,1.3,0.48,0.05,0.4,0.05,0,0
Cheaney,Western Conference,Midwest Division,Denver Nuggets,9,17,21,2.3,0.5,0.6,1.6,1.8,333,333,0.7,1.7,2.2,0.6,333,0.44,1,0.22,0,0
McClintock,Western Conference,Midwest Division,Denver Nuggets,6,9.7,18,3,0,0.5,1.8,0.33,0.5,0.5,1,1.2,2.8,1.7,0.5,0,0.2,0.33,0,0
Joseph,Western Conference,Midwest Division,Denver Nuggets,4,4,2,0.5,0,0.5,0.2,0.5,0.2,0.2,0.4,0,0.5,0.5,0.2,0,0.2,0.25,0,0
Bibby,Western Conference,Midwest Division,Vancouver Grizzlies,82,38.9,1301,15.9,761,3,1.8,2.76,478,0.5,1.12,3.1,3.7,0.6,454,1.3,8.4,0.15,379,0
Abdur-Rahim,Western Conference,Midwest Division,Vancouver Grizzlies,81,40,1663,20.5,834,2.9,2.9,1.08,487,477,1.3,6.9,9.1,2.2,472,1.11,3.1,0.95,188,0.1
Swift,Western Conference,Midwest Division,Vancouver Grizzlies,80,16.4,391,4.9,603,0.8,2,0.44,457,451,1.15,2.2,3.5,1.4,451,0.77,0.3,1.02,0,0
Reeves,Western Conference,Midwest Division,Vancouver Grizzlies,75,24.4,622,8.3,796,1.2,3.2,0.89,462,461,1.13,4.3,6,1.8,0.46,0.57,1.1,0.72,0.25,0
Jones,Western Conference,Midwest Division,Vancouver Grizzlies,71,19.9,461,6.5,712,1.1,0.8,2.95,465,0.51,1.11,1.5,1.7,0.2,409,0.51,3.2,0.01,364,0
Dickerson,Western Conference,Midwest Division,Vancouver Grizzlies,70,37.4,1142,16.3,763,2.3,3,1.44,429,459,1.12,2.3,3.3,1,417,0.89,3.3,0.39,374,0
Long,Western Conference,Midwest Division,Vancouver Grizzlies,66,22.8,396,6,713,0.9,2.4,1.34,447,445,1.24,3,4.2,1.2,439,1.09,1.3,0.23,267,0
Massenburg,Western Conference,Midwest Division,Vancouver Grizzlies,52,15.8,233,4.5,0.7,0.9,2.3,0.19,462,462,1.17,2.6,4,1.4,462,0.19,0.2,0.54,0,0
Austin,Western Conference,Midwest Division,Vancouver Grizzlies,52,16.2,226,4.3,0.7,1,1.8,1.07,366,367,0.84,3.3,4.3,1,356,0.38,1.1,0.44,0.25,0
Strickland,Western Conference,Midwest Division,Vancouver Grizzlies,50,16.6,260,5.2,861,1,1.8,1.98,297,0.36,0.97,2.2,2.6,0.4,303,0.88,1.9,0.04,316,0.1
Edwards,Western Conference,Midwest Division,Vancouver Grizzlies,46,13.8,160,3.5,811,0.8,1,1.41,338,344,0.94,1.3,1.8,0.5,329,0.63,1.1,0.17,263,0
Abdul-Rauf,Western Conference,Midwest Division,Vancouver Grizzlies,41,11.9,266,6.5,759,0.6,1.2,2.92,0.5,496,1.08,0.5,0.6,0.1,488,0.22,1.9,0.02,286,0
West,Western Conference,Midwest Division,Vancouver Grizzlies,15,11.4,28,1.9,857,0.3,1.4,3.5,306,289,0.74,0.7,1,0.3,289,0.2,0.9,0.27,0,0
Price,Western Conference,Midwest Division,Vancouver Grizzlies,6,5,13,2.2,857,0.7,1.3,1.25,286,318,1.18,0.5,0.7,0.2,273,0.33,0.8,0,0.25,0
Fox,Western Conference,Pacific Division,Los Angeles Lakers,82,27.9,787,9.6,779,1.7,2.7,1.93,488,536,1.22,3,4,1,444,0.85,3.2,0.35,393,0
Shaw,Western Conference,Pacific Division,Los Angeles Lakers,80,22.9,421,5.3,797,1.2,2,2.66,442,0.45,1.02,3.2,3.8,0.6,399,0.61,3.2,0.34,311,0
Horry,Western Conference,Pacific Division,Los Angeles Lakers,79,20.1,407,5.2,711,1,2.7,1.62,415,458,1.07,2.6,3.7,1.2,387,0.68,1.6,0.68,346,0.1
Grant,Western Conference,Pacific Division,Los Angeles Lakers,77,31,657,8.5,775,0.6,2.4,2.52,465,462,1.15,4.2,7.1,2.9,462,0.66,1.6,0.79,0,0
O'Neal,Western Conference,Pacific Division,Los Angeles Lakers,74,39.5,2125,28.7,513,2.9,3.5,1.27,573,572,1.49,8.8,12.7,3.9,572,0.64,3.7,2.76,0,0.1
Madsen,Western Conference,Pacific Division,Los Angeles Lakers,70,9.2,137,2,703,0.4,1.6,0.89,482,491,1.21,1.1,2.2,1.1,487,0.11,0.3,0.11,1,0
Bryant,Western Conference,Pacific Division,Los Angeles Lakers,68,40.9,1938,28.5,853,3.2,3.3,1.54,489,484,1.28,4.3,5.9,1.5,464,1.68,5,0.63,305,0.1
Rider,Western Conference,Pacific Division,Los Angeles Lakers,67,18,507,7.6,855,1.5,1.6,1.13,439,462,1.07,1.7,2.3,0.7,426,0.4,1.7,0.1,0.37,0.1
Foster,Western Conference,Pacific Division,Los Angeles Lakers,62,7.3,125,2,714,0.4,1.2,1.28,427,432,0.94,1.3,1.8,0.5,421,0.15,0.5,0.19,333,0.1
George,Western Conference,Pacific Division,Los Angeles Lakers,59,10.1,182,3.1,709,0.6,1.5,0.56,353,345,0.88,1.3,1.9,0.6,309,0.25,0.3,0.25,221,0
Penberthy,Western Conference,Pacific Division,Los Angeles Lakers,53,16.1,267,5,903,0.6,1.1,2.09,446,538,1.2,1,1.2,0.2,414,0.42,1.3,0.04,396,0
Harper,Western Conference,Pacific Division,Los Angeles Lakers,47,24.2,307,6.5,708,1.3,1.5,1.82,543,504,1.13,2.6,3.5,1,469,0.83,2.4,0.53,264,0
Lue,Western Conference,Pacific Division,Los Angeles Lakers,38,12.3,130,3.4,792,0.7,1.4,1.67,0.47,474,1.11,0.7,0.8,0.1,427,0.5,1.2,0,324,0
Fisher,Western Conference,Pacific Division,Los Angeles Lakers,20,35.5,229,11.4,806,1.5,2.5,3,419,479,1.22,2.7,3,0.2,412,1.95,4.3,0.1,397,0.1
Medvedenko,Western Conference,Pacific Division,Los Angeles Lakers,7,5.6,32,4.6,583,0.4,1.3,0.67,458,0.5,1.28,1.1,1.3,0.1,0.48,0.14,0.3,0.14,1,0.1
Christie,Western Conference,Pacific Division,Sacramento Kings,81,36.3,996,12.3,897,1.9,2.8,1.88,403,454,1.26,3.2,4.4,1.2,395,2.26,3.6,0.56,376,0
Divac,Western Conference,Pacific Division,Sacramento Kings,81,29.9,974,12,691,2.4,3,1.2,486,485,1.29,5.8,8.3,2.6,482,1.07,2.9,1.15,286,0.1
Jackson,Western Conference,Pacific Division,Sacramento Kings,79,20.9,566,7.2,739,1.3,1.8,1.56,455,476,1.08,2.2,3.1,0.9,439,1.1,2,0.09,375,0.1
Williams,Western Conference,Pacific Division,Sacramento Kings,77,29.7,720,9.4,789,2.1,1.5,2.6,483,478,1.04,2.2,2.4,0.2,407,1.22,5.4,0.12,315,0
Pollard,Western Conference,Pacific Division,Sacramento Kings,77,21.5,498,6.5,749,0.9,2.7,0.71,471,468,1.26,3.8,6,2.2,468,0.62,0.6,1.26,0,0.1
Stojakovic,Western Conference,Pacific Division,Sacramento Kings,75,38.7,1529,20.4,856,1.9,1.9,1.12,501,531,1.29,4.5,5.8,1.2,0.47,1.21,2.2,0.17,0.4,0
Turkoglu,Western Conference,Pacific Division,Sacramento Kings,74,16.8,391,5.3,777,0.7,1.9,1.25,442,454,1.17,2.2,2.8,0.7,412,0.7,0.9,0.32,326,0
Webber,Western Conference,Pacific Division,Sacramento Kings,70,40.5,1898,27.1,703,2.8,3.2,1.51,488,481,1.16,8.5,11.1,2.6,481,1.33,4.2,1.69,71,0.2
Barry,Western Conference,Pacific Division,Sacramento Kings,62,16.3,316,5.1,877,0.9,1.1,2.45,463,494,1.24,1.3,1.5,0.3,404,0.45,2.1,0.1,348,0
Funderburke,Western Conference,Pacific Division,Sacramento Kings,59,11.8,288,4.9,623,0.5,0.7,0.53,496,496,1.19,2.1,3.3,1.3,496,0.15,0.3,0.22,0,0.1
Martin,Western Conference,Pacific Division,Sacramento Kings,31,5.7,103,3.3,886,0.3,0.9,1.4,306,474,1.36,0.5,0.5,0.1,382,0.23,0.5,0,519,0
Anderson,Western Conference,Pacific Division,Sacramento Kings,21,8,38,1.8,0,0.3,0.6,1.86,222,333,0.67,1,1.2,0.1,246,0.48,0.6,0.19,256,0
Long,Western Conference,Pacific Division,Sacramento Kings,9,2.2,0,0,0,0.2,0.6,0.5,0,0,0,0.7,0.9,0.2,0,0,0.1,0.33,0,0
Smith,Western Conference,Pacific Division,Sacramento Kings,9,7.3,26,2.9,667,0.3,0.8,2,0.5,0.5,1.18,0.8,0.9,0.1,0.5,0.44,0.7,0,0,0.1
Robinson,Western Conference,Pacific Division,Phoenix Suns,82,33.5,1345,16.4,709,2.3,3.1,1.27,439,0.46,1.13,2.8,4.1,1.3,422,1.06,2.9,1,361,0.1
Delk,Western Conference,Pacific Division,Phoenix Suns,82,27.9,1005,12.3,787,1.2,2.1,1.58,436,444,1.09,2.3,3.2,0.9,415,0.91,2,0.21,321,0
Rogers,Western Conference,Pacific Division,Phoenix Suns,82,26.6,998,12.2,761,1.9,3.3,1.15,467,462,1.14,3.2,4.4,1.1,0.43,1.18,2.2,0.57,296,0.1
Marion,Western Conference,Pacific Division,Phoenix Suns,79,36.2,1369,17.3,0.81,1.6,2.7,1.24,497,489,1.18,7.9,10.7,2.8,0.48,1.67,2,1.37,256,0
Kidd,Western Conference,Pacific Division,Phoenix Suns,77,39.8,1299,16.9,814,3.7,2.2,2.63,442,443,1.18,5.2,6.4,1.2,411,2.16,9.8,0.3,297,0
Elie,Western Conference,Pacific Division,Phoenix Suns,68,22.1,299,4.4,797,0.9,1.6,2.18,466,496,1.22,1.7,2.3,0.6,423,0.85,1.9,0.18,0.36,0.1
Tsakalidis,Western Conference,Pacific Division,Phoenix Suns,57,16.6,256,4.5,593,1.2,2.4,0.29,0.47,0.47,1.19,2.8,4.2,1.5,0.47,0.18,0.3,0.96,0,0
Gugliotta,Western Conference,Pacific Division,Phoenix Suns,57,20.3,362,6.4,792,0.9,1.9,1.08,397,396,0.95,3.1,4.5,1.3,392,0.82,1,0.37,0.25,0.1
Santiago,Western Conference,Pacific Division,Phoenix Suns,54,10.8,170,3.1,689,0.9,1.9,0.23,478,478,1.27,1.2,1.9,0.6,478,0.31,0.2,0.39,0,0
Dudley,Western Conference,Pacific Division,Phoenix Suns,53,11.6,72,1.4,389,0.5,2.1,0.69,397,397,0.99,2.2,3.5,1.2,397,0.26,0.3,0.55,0,0.1
Perry,Western Conference,Pacific Division,Phoenix Suns,43,10.7,137,3.2,727,0.7,0.7,2.31,472,469,1.06,0.8,1,0.2,465,0.44,1.7,0.02,0.25,0
Del Negro,Western Conference,Pacific Division,Phoenix Suns,36,14.6,177,4.9,893,0.5,1.2,3.37,543,528,1.23,1.2,1.4,0.2,528,0.56,1.8,0.08,0,0
Hardaway,Western Conference,Pacific Division,Phoenix Suns,4,28,39,9.8,636,0.8,1.5,5,464,444,1.08,3.2,4.5,1.2,417,1.5,3.8,0.25,0.25,0
Stoudamire,Western Conference,Pacific Division,Portland Trail Blazers,82,32.4,1066,13,831,2.3,2.5,2.45,453,478,1.14,2.9,3.7,0.8,434,1.29,5.7,0.1,374,0
Davis,Western Conference,Pacific Division,Portland Trail Blazers,81,26.7,580,7.2,632,0.8,2.5,1.54,502,498,1.19,4.6,7.5,2.9,498,0.54,1.3,0.94,0,0.1
Smith,Western Conference,Pacific Division,Portland Trail Blazers,81,31.4,1105,13.6,0.89,1.7,2.5,1.55,504,505,1.4,2.3,3.4,1.1,456,0.59,2.6,0.3,339,0
Wallace,Western Conference,Pacific Division,Portland Trail Blazers,77,38.2,1477,19.2,766,2.1,2.7,1.34,0.53,523,1.25,5.9,7.8,1.9,501,1.17,2.8,1.75,321,0.5
Wells,Western Conference,Pacific Division,Portland Trail Blazers,75,26.6,948,12.6,0.66,2.3,2.7,1.23,547,545,1.31,3.3,4.9,1.6,533,1.25,2.8,0.27,0.34,0.2
Kemp,Western Conference,Pacific Division,Portland Trail Blazers,68,15.9,441,6.5,771,1.5,2.7,0.66,408,412,1.07,2.9,3.8,0.9,407,0.66,1,0.34,364,0.1
Augmon,Western Conference,Pacific Division,Portland Trail Blazers,66,17.9,311,4.7,655,0.7,1.6,2.04,485,477,1.17,1.5,2.4,0.9,477,0.73,1.5,0.32,0,0
Pippen,Western Conference,Pacific Division,Portland Trail Blazers,64,33.3,721,11.3,739,2.4,2.5,1.91,0.5,505,1.21,4.1,5.2,1.1,451,1.47,4.6,0.55,344,0.2
Sabonis,Western Conference,Pacific Division,Portland Trail Blazers,61,21.3,616,10.1,776,1.4,2.2,1.07,491,0.48,1.19,4.6,5.4,0.8,479,0.66,1.5,1.02,67,0
Anthony,Western Conference,Pacific Division,Portland Trail Blazers,58,14.8,284,4.9,676,0.7,1.1,1.91,0.34,512,1.12,0.7,1.1,0.4,383,0.69,1.4,0.05,409,0
Strickland,Western Conference,Pacific Division,Portland Trail Blazers,54,25.4,498,9.2,751,2,1.4,2.84,432,429,1.16,1.9,2.6,0.7,424,0.98,5.6,0.09,235,0
Schrempf,Western Conference,Pacific Division,Portland Trail Blazers,26,15.3,104,4,852,1.1,1.7,1.57,414,426,1.09,2.3,3,0.7,411,0.27,1.7,0.12,375,0
Perdue,Western Conference,Pacific Division,Portland Trail Blazers,13,4.5,14,1.1,0.5,0,0.6,0,667,667,1.56,0.9,1.4,0.5,667,0.23,0.2,0.15,0,0
Harvey,Western Conference,Pacific Division,Portland Trail Blazers,12,6,31,2.6,833,0.2,0.8,1.33,464,464,1.11,0.8,1.2,0.4,464,0.08,0.3,0.5,0,0
Barkley,Western Conference,Pacific Division,Portland Trail Blazers,8,4.8,19,2.4,0,0.6,0.2,1.2,357,432,0.86,0.4,0.4,0,364,0.25,0.8,0,375,0
Grant,Western Conference,Pacific Division,Portland Trail Blazers,4,4.2,10,2.5,0,0,0.2,0,714,714,1.43,0,0,0,714,0,0.2,0,0,0
Ewing,Western Conference,Pacific Division,Seatle SuperSonices,79,26.7,760,9.6,685,1.9,2.9,0.61,431,0.43,1.11,5.8,7.4,1.6,0.43,0.67,1.2,1.15,0,0.1
Payton,Western Conference,Pacific Division,Seatle SuperSonices,79,41.1,1823,23.1,766,2.6,2.3,3.07,472,488,1.15,3.6,4.6,0.9,456,1.61,8.1,0.33,375,0.2
Lewis,Western Conference,Pacific Division,Seatle SuperSonices,78,34.9,1151,14.8,826,1.7,2.4,0.97,503,0.55,1.3,5.1,6.9,1.8,0.48,1.17,1.6,0.58,432,0
Mason,Western Conference,Pacific Division,Seatle SuperSonices,78,19.5,463,5.9,736,0.7,1.9,1.19,0.46,451,1.05,2.3,3.2,0.9,431,0.5,0.8,0.26,269,0
Baker,Western Conference,Pacific Division,Seatle SuperSonices,76,28,927,12.2,723,2.1,3.5,0.57,429,423,1.13,3.3,5.7,2.4,422,0.5,1.2,0.96,62,0.2
Patterson,Western Conference,Pacific Division,Seatle SuperSonices,76,27.1,988,13,681,2,2.3,1.04,516,495,1.32,2.6,5,2.4,494,1.36,2.1,0.59,56,0.1
McCoy,Western Conference,Pacific Division,Seatle SuperSonices,70,16.3,317,4.5,441,1.1,2,0.76,523,523,1.2,2.3,3.6,1.3,523,0.26,0.8,0.7,0,0.1
Williams,Western Conference,Pacific Division,Seatle SuperSonices,69,17.9,467,6.8,875,1.2,1.2,2.32,426,0.52,1.27,1.4,1.9,0.5,438,0.45,2.8,0.06,459,0
Barry,Western Conference,Pacific Division,Seatle SuperSonices,67,26.5,589,8.8,816,1.3,1.9,2.62,517,0.63,1.47,2.7,3.1,0.5,494,1.19,3.4,0.21,476,0
Davis,Western Conference,Pacific Division,Seatle SuperSonices,62,20.8,361,5.8,818,1.2,1.6,1.78,435,497,1.14,2,2.5,0.5,418,1.03,2.2,0.19,394,0
Wolkowyski,Western Conference,Pacific Division,Seatle SuperSonices,34,9,75,2.2,735,0.4,1.1,0.25,325,316,0.95,1,1.4,0.4,316,0.18,0.1,0.53,0,0
Oyedeji,Western Conference,Pacific Division,Seatle SuperSonices,30,7.4,45,1.5,0.75,0.4,1.3,0.18,486,486,1.22,1.4,2.2,0.8,486,0.23,0.1,0.33,0,0
Ellison,Western Conference,Pacific Division,Seatle SuperSonices,9,4.4,6,0.7,1,0.3,1.4,1,286,286,0.86,1.1,1.3,0.2,286,0,0.3,0.22,0,0
Wingate,Western Conference,Pacific Division,Seatle SuperSonices,1,9,6,6,0,0,1,0,1,1,2,0,0,0,1,0,2,0,0,0
Olowokandi,Western Conference,Pacific Division,Los Angeles Clippers,82,25.9,701,8.5,545,2.1,3,0.27,435,435,0.99,4.4,6.4,2,435,0.37,0.6,1.32,0,0
Rooks,Western Conference,Pacific Division,Los Angeles Clippers,82,18.9,446,5.4,748,0.9,2.4,1.05,427,429,1.13,2.6,3.7,1.1,428,0.41,0.9,0.78,0.5,0
McInnis,Western Conference,Pacific Division,Los Angeles Clippers,81,35,1046,12.9,807,1.4,2.5,3.96,482,491,1.12,2.2,2.7,0.5,463,0.93,5.5,0.09,361,0
Piatkowski,Western Conference,Pacific Division,Los Angeles Clippers,81,26.5,860,10.6,873,0.9,1.5,1.26,456,522,1.28,2.3,3,0.7,433,0.57,1.2,0.23,404,0
Miles,Western Conference,Pacific Division,Los Angeles Clippers,81,26.3,761,9.4,521,1.8,2.4,0.67,519,506,1.21,4.3,5.9,1.6,505,0.63,1.2,1.54,53,0
Odom,Western Conference,Pacific Division,Los Angeles Clippers,76,37.3,1304,17.2,679,3.5,3.1,1.48,506,498,1.25,6.3,7.8,1.4,0.46,0.97,5.2,1.61,316,0.2
Richardson,Western Conference,Pacific Division,Los Angeles Clippers,76,17.9,613,8.1,627,0.8,1.3,0.97,487,0.49,1.17,2,3.4,1.4,442,0.55,0.8,0.09,331,0
Dooling,Western Conference,Pacific Division,Los Angeles Clippers,76,16.3,449,5.9,698,1.2,1.4,1.88,426,448,1.24,1.1,1.2,0.1,409,0.54,2.3,0.14,0.35,0
Maggette,Western Conference,Pacific Division,Los Angeles Clippers,69,19.7,690,10,774,1.5,2,0.77,483,479,1.42,2.9,4.2,1.3,462,0.51,1.2,0.13,304,0.1
Parks,Western Conference,Pacific Division,Los Angeles Clippers,52,16.8,251,4.8,704,0.6,2,1.26,504,492,1.06,2.5,3.6,1.1,492,0.37,0.8,0.48,0,0
Skinner,Western Conference,Pacific Division,Los Angeles Clippers,39,15,160,4.1,542,0.8,1.6,0.56,398,398,0.99,2.9,4.3,1.4,398,0.36,0.5,0.28,0,0
Strong,Western Conference,Pacific Division,Los Angeles Clippers,28,17.5,118,4.2,757,0.8,1.1,0.32,388,385,1.01,2.6,3.9,1.2,385,0.5,0.2,0.04,0,0.1
Boykins,Western Conference,Pacific Division,Los Angeles Clippers,10,14.9,65,6.5,824,0.9,0.9,3.56,436,405,1.03,0.7,1.1,0.4,397,0.5,3.2,0,125,0
Hamilton,Western Conference,Pacific Division,Los Angeles Clippers,3,6.3,9,3,625,0.7,1.3,0,222,222,1,1.7,2.7,1,222,0,0,0,0,0
Jamison,Western Conference,Pacific Division,Golden State Warriors,82,41.4,2044,24.9,715,2.4,2.7,0.82,459,459,1.13,5.3,8.7,3.4,442,1.39,2,0.34,302,0
Blaylock,Western Conference,Pacific Division,Golden State Warriors,69,34.1,760,11,697,1.9,1.9,3.61,424,441,0.95,2.9,3.9,1,396,2.36,6.7,0.29,324,0
Keefe,Western Conference,Pacific Division,Golden State Warriors,67,12.5,168,2.5,619,0.6,1.5,0.9,404,406,1.06,1.8,3.1,1.3,403,0.42,0.5,0.3,333,0
Cummings,Western Conference,Pacific Division,Golden State Warriors,66,22.7,483,7.3,681,1.4,2.4,2.49,348,391,0.93,1.4,2.1,0.7,344,1.02,3.4,0.21,336,0
Foyle,Western Conference,Pacific Division,Golden State Warriors,58,25.1,342,5.9,441,1.4,2.3,0.61,416,416,0.91,4.3,7,2.7,416,0.53,0.8,2.69,0,0
Sura,Western Conference,Pacific Division,Golden State Warriors,53,31.8,586,11.1,714,3,2.4,1.51,448,435,1.13,3.3,4.3,1,0.39,1.02,4.6,0.15,273,0.1
Porter,Western Conference,Pacific Division,Golden State Warriors,51,22.5,440,8.6,667,1.2,2.2,1.03,393,389,0.99,2,3.7,1.7,389,0.88,1.2,0.12,0,0
Hughes,Western Conference,Pacific Division,Golden State Warriors,50,36.9,823,16.5,766,3,2.9,1.47,403,391,1.02,4,5.5,1.5,383,1.92,4.5,0.58,187,0.1
Jackson,Western Conference,Pacific Division,Golden State Warriors,48,29.4,633,13.2,802,1.9,2.9,0.63,478,471,1.25,5,7.5,2.5,467,0.71,1.2,0.56,217,0.1
Dampier,Western Conference,Pacific Division,Golden State Warriors,43,24.1,319,7.4,532,1.9,2.9,0.72,404,401,1.02,3.6,5.8,2.3,401,0.4,1.4,1.35,0,0
Blount,Western Conference,Pacific Division,Golden State Warriors,38,24.2,259,6.8,632,1.4,2.4,0.93,439,437,1.05,4.4,8.3,3.8,433,0.76,1.3,0.45,0.25,0.1
McPherson,Western Conference,Pacific Division,Golden State Warriors,22,13,150,6.8,706,1.1,1.5,0.92,526,525,1.25,0.5,1.4,0.9,517,0.59,1,0.05,333,0
Mullin,Western Conference,Pacific Division,Golden State Warriors,20,18.7,115,5.8,857,0.9,1.4,1,315,429,1.08,1.5,2,0.5,0.34,0.8,0.9,0.5,365,0
Mills,Western Conference,Pacific Division,Golden State Warriors,15,32.9,180,12,861,1.3,2.9,0.9,386,0.39,0.94,4.6,6.2,1.6,372,0.6,1.2,0.33,0.28,0.1
Curley,Western Conference,Pacific Division,Golden State Warriors,15,11.8,60,4,733,0.9,2.7,0.21,548,0.57,1.4,1.1,2.5,1.4,558,0.4,0.2,0.53,1,0
Garner,Western Conference,Pacific Division,Golden State Warriors,8,18.6,19,2.4,833,1.1,2.2,2,233,189,0.51,1.2,1.5,0.2,189,0.88,2.2,0.12,0,0
Fortson,Western Conference,Pacific Division,Golden State Warriors,6,33.8,100,16.7,778,1.7,3.7,0.5,0.58,0.58,2,11.5,16.3,4.8,0.58,0.33,0.8,0,0,0
Coker,Western Conference,Pacific Division,Golden State Warriors,6,5.3,2,0.3,0,0.3,0.7,1,125,125,0.25,0.3,0.8,0.5,125,0.17,0.3,0,0,0
Garces,Western Conference,Pacific Division,Golden State Warriors,3,3.7,0,0,0,0,0,0,0,0,0,1,2.3,1.3,0,0.33,0.3,0.33,0,0
Livingston,Western Conference,Pacific Division,Golden State Warriors,2,3.5,0,0,0,0,0,0,0,0,0,0.5,0.5,0,0,0,0.5,0,0,0